"septiembre 21¬∫ 2017, 12:16:26 pm",chadsantos,"RT @FaroAragon #SeBusca
  Agradecemos cualquier informaci√≥n sobre el Sr. Ezequiel Othon Gonz√°lez Rocha, trabaja en‚Ä¶ https://t.co/5ytYDHfDse"
"septiembre 21¬∫ 2017, 12:16:31 pm",Anacervantesq,Ayuda!! Hasta el d√≠a no se sabe nada de ella. #AyudaCDMX #SeBusca. https://t.co/zzXDVAxXDB
"septiembre 21¬∫ 2017, 12:18:40 pm",PrrosPerdidosMX,"#EXTRAVIADO ¬øLO HAS VISTO? #SEBUSCA
#PANDA #CHIHUAHUA #MACHO
EL: 19 SEPTIEMBRE 2017
EN: COL. #DELVALLE   DEL.‚Ä¶ https://t.co/RomNHs7UAc"
"septiembre 21¬∫ 2017, 12:19:01 pm",PrrosPerdidosMX,"#EXTRAVIADA ¬øLA HAS VISTO? #SEBUSCA #SISMOCDMX
#VALENTINA #HEMBRA
EL: 19 #SEPTIEMBRE 2017
EN: COL. #TEPALCATES   DE‚Ä¶ https://t.co/YXR11jpUkB"
"septiembre 21¬∫ 2017, 12:20:22 pm",PrrosPerdidosMX,"#EXTRAVIADO ¬øLO HAS VISTO? #SEBUSCA
#FIRULAIS  #MACHO
EL: 19 SEPTIEMBRE 2017
EN: COL. #CTMCULHUACAN  DEL. #COYOACAN‚Ä¶ https://t.co/VWJLaA9aYc"
"septiembre 21¬∫ 2017, 12:20:50 pm",PrrosPerdidosMX,"#EXTRAVIADO ¬øLO HAS VISTO? #SEBUSCA
#ZEUS  #MACHO
EL: 19 SEPTIEMBRE 2017
EN: COL. #COYOL  DEL. #GAM
#SISMODF https://t.co/hWCXfMxd0V"
"septiembre 21¬∫ 2017, 12:21:11 pm",yaz_animalista,#RTxfa #SeBusca #Perrito #Perdido https://t.co/Vt0i9i1moh @PrrosPerdidosMX @fellpudito @911Canino @patitasDFyEDO @UbiCanApp @sebuscaCdMx
"septiembre 21¬∫ 2017, 12:21:57 pm",PrrosPerdidosMX,"#EXTRAVIADO ¬øLO HAS VISTO? #SEBUSCA
#GONTER #CHIHUAHUA #MACHO
EL: 19 SEPTIEMBRE 2017
EN: COL. #CACAMA   DEL.‚Ä¶ https://t.co/62p7CITJmR"
"septiembre 21¬∫ 2017, 12:22:49 pm",PrrosPerdidosMX,"#EXTRAVIADA ¬øLA HAS VISTO? #SEBUSCA
#DOLY  #HEMBRA
EL: 19 SEPTIEMBRE 2017
COL. #EXHACIENDACOAPA   DEL. #TLALPAN‚Ä¶ https://t.co/tGrXHtbQmE"
"septiembre 21¬∫ 2017, 12:23:14 pm",ediiemedina,#AyudaCDMX #PartidosDenNuestroDinero #Televisa RT https://t.co/fP38TbFjSq
"septiembre 21¬∫ 2017, 12:23:16 pm",vallcalderon,#Sebusca siendo las 12:23 pm del 21/09 sigue desaparecido. https://t.co/Q7VsCSF4rR
"septiembre 21¬∫ 2017, 12:23:29 pm",Tierradanimales,#TDAyuda #PerroPerdido #SOS @MascotasSismo https://t.co/x2PsMIZQ1I
"septiembre 21¬∫ 2017, 12:24:10 pm",PrrosPerdidosMX,"#EXTRAVIADA ¬øLA HAS VISTO? #SEBUSCA #NAHLA #CHIWEENIE #HEMBRA #SISMODF

19 de #Septiembre de 2017
Frac. Sta.‚Ä¶ https://t.co/0PfP4B4Bax"
"septiembre 21¬∫ 2017, 12:24:29 pm",PrrosPerdidosMX,"#EXTRAVIADO ¬øLO HAS VISTO? #SEBUSCA
#DOKY #MACHO
EL: 19 SEPTIEMBRE 2017
EN: COL. #PUENTEBLANCO   DEL. #IZTAPALAPA‚Ä¶ https://t.co/hZq5Knton9"
"septiembre 21¬∫ 2017, 12:26:50 pm",YarizHE,#CDMEX #CDMX https://t.co/hGj6DPSyng
"septiembre 21¬∫ 2017, 12:26:54 pm",SegUnaFormaVida,#SeBusca #DesaparecidosSismo https://t.co/CeiZ7H0mZx
"septiembre 21¬∫ 2017, 12:27:21 pm",PrrosPerdidosMX,"#EXTRAVIADA ¬øLA HAS VISTO? #SEBUSCA #MILY #CHIHUAHUA #HEMBRA #SISMODF

 19 de #septiembre de 2017 
Sta. Mar√≠a la ri‚Ä¶ https://t.co/mAXeGRPWMO"
"septiembre 21¬∫ 2017, 12:28:58 pm",olgagomezmx,"Persona desaparecida
@LaRomaDF @vamosalaroma @ProRomacdmx @pzaluiscabrera @RomaNorte3 @RomaCondesa https://t.co/gIRByU5yzk"
"septiembre 21¬∫ 2017, 12:29:24 pm",Micho_VA,ayuden a difundir desaparecio en contepec michoacan el dia 5  de agoto del presente a√±o es de la comunidad de santa‚Ä¶ https://t.co/g6pzRCx23c
"septiembre 21¬∫ 2017, 12:29:25 pm",mnientertaiment,"#SeBusca √ìscar Blass, desapareci√≥ el 19/09 si tienes alg√∫n dato contacta con @OManagement360 https://t.co/JS1kspfo0J"
"septiembre 21¬∫ 2017, 12:29:26 pm",OdrieAlanis27,"Si alguien en las calles la ha visto, la est√°n buscando #mascotasperdidas #sebusca https://t.co/Cg0dhq6EEl"
"septiembre 21¬∫ 2017, 12:30:11 pm",YarizHE,#Firulais #CDMX #Perdido @PrrosPerdidosMX #PerritosPerdidos Busca a su familia RTüôè https://t.co/BwwNt9319E
"septiembre 21¬∫ 2017, 12:30:34 pm",gpelaez_,#FuerzaM√©xico  #AyudaAM√©xico  #sismo https://t.co/9lPKjHdHIc
